"Entity","Year","Code","Perc_youth_not_in_eet","Continent","Perc_change","Population"
"Afghanistan",2017,"AFG",42.84,"Asia",22.1905305191101,"35688935"
"Afghanistan",2020,"AFG",53.76,"Asia",25.4901960784314,"39068979"
"Afghanistan",2021,"AFG",62.81,"Asia",16.8340773809524,"40000412"
"Albania",2015,"ALB",29.82,"Europe",-5.00159286396942,"2880703"
"Albania",2016,"ALB",27.39,"Europe",-8.14889336016097,"2876101"
"Albania",2017,"ALB",26.23,"Europe",-4.23512230741146,"2873457"
"Albania",2018,"ALB",26.61,"Europe",1.44872283644681,"2866376"
"Albania",2019,"ALB",25.82,"Europe",-2.96880871852687,"2854191"
"Algeria",2015,"DZA",21.2,"Africa",-7.01754385964913,"40019529"
"Algeria",2017,"DZA",20.95,"Africa",-1.17924528301887,"41689299"
"Angola",2019,"AGO",23.06,"Africa",-24.689745264533,"32375632"
"Angola",2021,"AGO",21.69,"Africa",-5.94102341717258,"34532429"
"Argentina",2017,"ARG",19.25,"South America",-2.13523131672599,"44288894"
"Argentina",2018,"ARG",19.02,"South America",-1.1948051948052,"44654882"
"Argentina",2019,"ARG",19.23,"South America",1.10410094637224,"44973465"
"Argentina",2020,"ARG",22.33,"South America",16.120644825793,"45191965"
"Argentina",2021,"ARG",16.12,"South America",-27.8101209135692,"45312281"
"Armenia",2015,"ARM",35.56,"Asia",-6.49487246910334,"3004600"
"Armenia",2016,"ARM",36.58,"Asia",2.8683914510686,"2992300"
"Armenia",2017,"ARM",36.59,"Asia",0.0273373428102928,"2979400"
"Armenia",2018,"ARM",29.52,"Asia",-19.3222191855698,"2969000"
"Armenia",2019,"ARM",26.04,"Asia",-11.7886178861789,"2962500"
"Armenia",2020,"ARM",26.08,"Asia",0.153609831029183,"2961500"
"Armenia",2021,"ARM",23.49,"Asia",-9.93098159509202,"2962300"
"Australia",2015,"AUS",9.8,"Oceania",-2.87413280475718,"23815995"
"Australia",2016,"AUS",8.69,"Oceania",-11.3265306122449,"24190907"
"Australia",2017,"AUS",8.94,"Oceania",2.87686996547756,"24592588"
"Austria",2015,"AUT",11.04,"Europe",2.60223048327137,"8642699"
"Austria",2016,"AUT",10.91,"Europe",-1.17753623188405,"8736668"
"Austria",2017,"AUT",10.45,"Europe",-4.21631530705775,"8797566"
"Austria",2018,"AUT",10.42,"Europe",-0.287081339712913,"8840521"
"Austria",2019,"AUT",11.01,"Europe",5.66218809980806,"8879920"
"Austria",2020,"AUT",11.42,"Europe",3.72388737511353,"8916864"
"Austria",2021,"AUT",12.26,"Europe",7.35551663747811,"8955797"
"Bangladesh",2016,"BGD",28.88,"Asia",NA,"160811932"
"Bangladesh",2017,"BGD",27.39,"Asia",-5.15927977839335,"162186147"
"Barbados",2016,"BRB",28.99,"North America",NA,"279598"
"Belarus",2016,"BLR",0.48,"Europe",NA,"9469379"
"Belarus",2017,"BLR",0.38,"Europe",-20.8333333333333,"9458989"
"Belarus",2018,"BLR",0.54,"Europe",42.1052631578947,"9438785"
"Belarus",2019,"BLR",9.25,"Europe",1612.96296296296,"9419758"
"Belarus",2020,"BLR",9.18,"Europe",-0.75675675675676,"9379952"
"Belarus",2021,"BLR",7.73,"Europe",-15.7952069716776,"9302585"
"Belgium",2015,"BEL",12.18,"Europe",1.07883817427385,"11274196"
"Belgium",2016,"BEL",9.89,"Europe",-18.8013136288998,"11331422"
"Belgium",2017,"BEL",9.32,"Europe",-5.7633973710819,"11375158"
"Belgium",2018,"BEL",9.15,"Europe",-1.82403433476395,"11427054"
"Belgium",2019,"BEL",9.25,"Europe",1.09289617486338,"11488980"
"Belgium",2020,"BEL",9.21,"Europe",-0.432432432432423,"11538604"
"Belgium",2021,"BEL",7.42,"Europe",-19.4353963083605,"11586195"
"Belize",2015,"BLZ",27.68,"North America",-0.39582583663188,"356333"
"Belize",2016,"BLZ",27.38,"North America",-1.08381502890174,"364705"
"Belize",2017,"BLZ",27.38,"North America",0,"373202"
"Belize",2019,"BLZ",24.88,"North America",-9.13075237399562,"385829"
"Belize",2021,"BLZ",30.25,"North America",21.5836012861736,"395346"
"Benin",2018,"BEN",35.1,"Africa",NA,"12383347"
"Bhutan",2018,"BTN",15.19,"Asia",NA,"759759"
"Bhutan",2019,"BTN",10.41,"Asia",-31.4680710994075,"764824"
"Bhutan",2020,"BTN",11.97,"Asia",14.985590778098,"770006"
"Bhutan",2021,"BTN",9.56,"Asia",-20.1336675020886,"775442"
"Bolivia",2015,"BOL",14.56,"South America",30.4659498207885,"11014705"
"Bolivia",2016,"BOL",10.79,"South America",-25.8928571428571,"11180020"
"Bolivia",2017,"BOL",11.58,"South America",7.32159406858203,"11344587"
"Bolivia",2018,"BOL",10.83,"South America",-6.47668393782383,"11508368"
"Bolivia",2019,"BOL",10.24,"South America",-5.44783010156971,"11671386"
"Bolivia",2020,"BOL",13.7,"South America",33.7890625,"11816299"
"Bolivia",2021,"BOL",10.98,"South America",-19.8540145985401,"11937360"
"Bosnia and Herzegovina",2015,"BIH",28.35,"Europe",4.61254612546125,"3518541"
"Bosnia and Herzegovina",2016,"BIH",27.09,"Europe",-4.44444444444445,"3473003"
"Bosnia and Herzegovina",2017,"BIH",25.51,"Europe",-5.83241048357327,"3428682"
"Bosnia and Herzegovina",2018,"BIH",22.61,"Europe",-11.3680909447276,"3387000"
"Bosnia and Herzegovina",2019,"BIH",22.6,"Europe",-0.0442282176028218,"3345533"
"Bosnia and Herzegovina",2020,"BIH",21.81,"Europe",-3.49557522123895,"3299349"
"Bosnia and Herzegovina",2021,"BIH",19.3,"Europe",-11.508482347547,"3244907"
"Botswana",2019,"BWA",31.98,"Africa",NA,"2332083"
"Botswana",2020,"BWA",37.14,"Africa",16.1350844277674,"2365894"
"Botswana",2021,"BWA",35.17,"Africa",-5.30425417339795,"2401441"
"Brazil",2015,"BRA",22.1,"South America",6.81488641855969,"201675532"
"Brazil",2016,"BRA",23.8,"South America",7.69230769230769,"203218114"
"Brazil",2017,"BRA",24.87,"South America",4.49579831932773,"204703445"
"Brazil",2018,"BRA",24.6,"South America",-1.08564535585042,"206107261"
"Brazil",2019,"BRA",23.99,"South America",-2.47967479674798,"207455459"
"Brazil",2020,"BRA",25.99,"South America",8.33680700291788,"208660842"
"Brazil",2021,"BRA",23.38,"South America",-10.042323970758,"209550294"
"Bulgaria",2015,"BGR",19.28,"Europe",-4.74308300395256,"6984225"
"Bulgaria",2016,"BGR",18.2,"Europe",-5.60165975103735,"6894139"
"Bulgaria",2017,"BGR",15.31,"Europe",-15.8791208791209,"6803468"
"Bulgaria",2018,"BGR",15.04,"Europe",-1.76355323318094,"6710798"
"Bulgaria",2019,"BGR",13.72,"Europe",-8.77659574468084,"6616726"
"Bulgaria",2020,"BGR",14.44,"Europe",5.24781341107871,"6550696"
"Bulgaria",2021,"BGR",14.02,"Europe",-2.90858725761773,"6507301"
"Burkina Faso",2018,"BFA",41,"Africa",NA,"20438288"
"Burundi",2017,"BDI",6.19,"Africa",22.0907297830375,"11506762"
"Burundi",2020,"BDI",11.17,"Africa",80.4523424878837,"12617036"
"Cambodia",2015,"KHM",6.59,"Asia",4.27215189873417,"15623251"
"Cambodia",2016,"KHM",6.41,"Asia",-2.73141122913505,"15852803"
"Cambodia",2017,"KHM",6.46,"Asia",0.780031201248047,"16073372"
"Cambodia",2019,"KHM",11.38,"Asia",76.1609907120743,"16481304"
"Canada",2015,"CAN",13.82,"North America",-0.575539568345324,"35704498"
"Canada",2016,"CAN",13.5,"North America",-2.31548480463097,"36110803"
"Canada",2017,"CAN",12.58,"North America",-6.81481481481481,"36545075"
"Canada",2018,"CAN",12.84,"North America",2.06677265500795,"37072620"
"Canada",2019,"CAN",12.36,"North America",-3.73831775700935,"37618495"
"Canada",2020,"CAN",17.93,"North America",45.0647249190939,"38028638"
"Canada",2021,"CAN",12.94,"North America",-27.8304517568321,"38239864"
"Chad",2018,"TCD",37.05,"Africa",NA,"16156531"
"Chile",2015,"CHL",19.15,"South America",2.79119699409554,"18047625"
"Chile",2016,"CHL",17.1,"South America",-10.7049608355091,"18267221"
"Chile",2017,"CHL",16.52,"South America",-3.39181286549709,"18558868"
"Chile",2018,"CHL",15.82,"South America",-4.23728813559322,"18893191"
"Chile",2019,"CHL",16.5,"South America",4.29835651074589,"19197744"
"Chile",2020,"CHL",20.52,"South America",24.3636363636364,"19370624"
"Chile",2021,"CHL",16.27,"South America",-20.7115009746589,"19456334"
"Colombia",2015,"COL",21.14,"South America",-1.21495327102803,"46969940"
"Colombia",2016,"COL",21.13,"South America",-0.047303689687803,"47437512"
"Colombia",2017,"COL",21.84,"South America",3.36015144344534,"48131078"
"Colombia",2018,"COL",22.84,"South America",4.57875457875458,"49024465"
"Colombia",2019,"COL",23.92,"South America",4.72854640980736,"49907985"
"Colombia",2021,"COL",27.26,"South America",13.9632107023411,"51188173"
"Comoros",2021,"COM",22.72,"Africa",-17.6214648295867,"818174"
"Costa Rica",2015,"CRI",18.65,"North America",1.85690879300928,"4818038"
"Costa Rica",2016,"CRI",20.45,"North America",9.6514745308311,"4866998"
"Costa Rica",2017,"CRI",19.96,"North America",-2.39608801955989,"4913177"
"Costa Rica",2018,"CRI",18.68,"North America",-6.41282565130261,"4957818"
"Costa Rica",2019,"CRI",17.58,"North America",-5.88865096359744,"4999553"
"Costa Rica",2020,"CRI",19.95,"North America",13.481228668942,"5034320"
"Costa Rica",2021,"CRI",18.99,"North America",-4.81203007518797,"5059988"
"Cote d'Ivoire",2016,"CIV",25.76,"Africa",NA,"25989405"
"Cote d'Ivoire",2017,"CIV",34.83,"Africa",35.2096273291925,"26733372"
"Cote d'Ivoire",2019,"CIV",21.92,"Africa",-37.0657479184611,"28193009"
"Croatia",2015,"HRV",18.12,"Europe",-6.25969994826693,"4151725"
"Croatia",2016,"HRV",16.9,"Europe",-6.73289183222959,"4106867"
"Croatia",2017,"HRV",15.35,"Europe",-9.17159763313609,"4041407"
"Croatia",2018,"HRV",13.57,"Europe",-11.5960912052117,"3988775"
"Croatia",2019,"HRV",11.78,"Europe",-13.1908621960206,"3949390"
"Croatia",2020,"HRV",12.24,"Europe",3.90492359932089,"3914206"
"Croatia",2021,"HRV",12.69,"Europe",3.67647058823529,"3878981"
"Curacao",2018,"CUW",5.06,"North America",NA,"159336"
"Curacao",2020,"CUW",17.46,"North America",245.059288537549,"154947"
"Cyprus",2015,"CYP",15.3,"Europe",-10.0529100529101,"1219502"
"Cyprus",2016,"CYP",16.02,"Europe",4.70588235294117,"1237112"
"Cyprus",2017,"CYP",16.09,"Europe",0.436953807740326,"1254275"
"Cyprus",2018,"CYP",13.21,"Europe",-17.8993163455562,"1270737"
"Cyprus",2019,"CYP",13.66,"Europe",3.40651021953065,"1286671"
"Cyprus",2020,"CYP",14.36,"Europe",5.12445095168374,"1302247"
"Cyprus",2021,"CYP",13.77,"Europe",-4.10863509749304,"1317309"
"Czechia",2015,"CZE",7.72,"Europe",-8.31353919239905,"10546059"
"Czechia",2016,"CZE",7.15,"Europe",-7.38341968911916,"10566332"
"Czechia",2017,"CZE",6.4,"Europe",-10.4895104895105,"10594438"
"Czechia",2018,"CZE",5.74,"Europe",-10.3125,"10629928"
"Czechia",2019,"CZE",5.82,"Europe",1.39372822299652,"10671870"
"Czechia",2020,"CZE",6.68,"Europe",14.7766323024055,"10697858"
"Czechia",2021,"CZE",6.61,"Europe",-1.04790419161676,"10505772"
"Denmark",2015,"DNK",7.03,"Europe",10.0156494522692,"5683483"
"Denmark",2016,"DNK",6.72,"Europe",-4.40967283072547,"5728010"
"Denmark",2017,"DNK",7.58,"Europe",12.7976190476191,"5764980"
"Denmark",2018,"DNK",7.68,"Europe",1.31926121372031,"5793636"
"Denmark",2019,"DNK",7.72,"Europe",0.520833333333334,"5814422"
"Denmark",2020,"DNK",7.44,"Europe",-3.62694300518134,"5831404"
"Denmark",2021,"DNK",7.08,"Europe",-4.83870967741936,"5856733"
"Djibouti",2017,"DJI",22.82,"Africa",NA,"1054841"
"Dominican Republic",2015,"DOM",25.23,"North America",28.3969465648855,"10434829"
"Dominican Republic",2016,"DOM",25.37,"North America",0.554894966309951,"10551430"
"Dominican Republic",2017,"DOM",24.34,"North America",-4.0599132834056,"10666843"
"Dominican Republic",2018,"DOM",24.5,"North America",0.65735414954807,"10782053"
"Dominican Republic",2019,"DOM",24.77,"North America",1.10204081632653,"10894043"
"Dominican Republic",2020,"DOM",37.7,"North America",52.2002422285022,"11008300"
"Dominican Republic",2021,"DOM",27.33,"North America",-27.5066312997348,"11123476"
"Ecuador",2015,"ECU",19.81,"South America",-2.07612456747406,"16266225"
"Ecuador",2016,"ECU",18.44,"South America",-6.91569914184754,"16505139"
"Ecuador",2017,"ECU",17.56,"South America",-4.77223427331889,"16759519"
"Ecuador",2018,"ECU",17.67,"South America",0.626423690205028,"17049547"
"Ecuador",2019,"ECU",17.52,"South America",-0.848896434634987,"17340021"
"Ecuador",2021,"ECU",18.48,"South America",5.47945205479453,"17682454"
"El Salvador",2015,"SLV",28.54,"North America",0.140350877192979,"6183676"
"El Salvador",2016,"SLV",28.22,"North America",-1.12123335669236,"6200800"
"El Salvador",2017,"SLV",28.4,"North America",0.63784549964564,"6213533"
"El Salvador",2018,"SLV",27.15,"North America",-4.40140845070423,"6219807"
"El Salvador",2019,"SLV",27.94,"North America",2.90976058931861,"6222318"
"El Salvador",2020,"SLV",25.17,"North America",-9.91410164638511,"6234673"
"El Salvador",2021,"SLV",26.15,"North America",3.89352403655144,"6255782"
"Estonia",2015,"EST",10.84,"Europe",-9.96677740863787,"1315407"
"Estonia",2016,"EST",9.2,"Europe",-15.1291512915129,"1315790"
"Estonia",2017,"EST",9.42,"Europe",2.39130434782609,"1317384"
"Estonia",2018,"EST",9.85,"Europe",4.56475583864119,"1321977"
"Estonia",2019,"EST",6.94,"Europe",-29.5431472081218,"1326898"
"Estonia",2020,"EST",8.84,"Europe",27.3775216138328,"1329522"
"Estonia",2021,"EST",10.92,"Europe",23.5294117647059,"1330932"
"Eswatini",2016,"SWZ",35.5,"Africa",NA,"1149507"
"Ethiopia",2021,"ETH",17.53,"Africa",NA,"122138588"
"Fiji",2016,"FJI",20.09,"Oceania",5.23834468308015,"919166"
"Finland",2015,"FIN",10.56,"Europe",3.83480825958703,"5479531"
"Finland",2016,"FIN",9.92,"Europe",-6.06060606060607,"5495303"
"Finland",2017,"FIN",9.4,"Europe",-5.24193548387096,"5508214"
"Finland",2018,"FIN",8.52,"Europe",-9.36170212765958,"5515525"
"Finland",2019,"FIN",8.16,"Europe",-4.22535211267605,"5521606"
"Finland",2020,"FIN",9.25,"Europe",13.3578431372549,"5529543"
"Finland",2021,"FIN",7.65,"Europe",-17.2972972972973,"5541017"
"France",2015,"FRA",13.97,"Europe",3.48148148148149,"66548272"
"France",2016,"FRA",13.94,"Europe",-0.214745884037231,"66724104"
"France",2017,"FRA",13.43,"Europe",-3.65853658536585,"66918020"
"France",2018,"FRA",13.08,"Europe",-2.60610573343261,"67158348"
"France",2019,"FRA",12.62,"Europe",-3.51681957186545,"67382061"
"France",2020,"FRA",12.7,"Europe",0.633914421553091,"67601110"
"France",2021,"FRA",11.46,"Europe",-9.76377952755904,"67842811"
"Georgia",2015,"GEO",27.44,"Asia",-4.6228710462287,"3725276"
"Georgia",2016,"GEO",26.82,"Asia",-2.2594752186589,"3727505"
"Georgia",2017,"GEO",24.76,"Asia",-7.68083519761372,"3728004"
"Georgia",2018,"GEO",26.85,"Asia",8.44103392568659,"3726549"
"Georgia",2019,"GEO",26,"Asia",-3.16573556797021,"3720161"
"Georgia",2020,"GEO",24.91,"Asia",-4.19230769230769,"3722716"
"Germany",2015,"DEU",6.17,"Europe",-2.9874213836478,"81686611"
"Germany",2016,"DEU",6.69,"Europe",8.42787682333874,"82348669"
"Germany",2017,"DEU",6.26,"Europe",-6.42750373692079,"82657002"
"Germany",2018,"DEU",5.9,"Europe",-5.75079872204472,"82905782"
"Germany",2019,"DEU",5.66,"Europe",-4.0677966101695,"83092962"
"Germany",2020,"DEU",7.42,"Europe",31.095406360424,"83160871"
"Germany",2021,"DEU",7.52,"Europe",1.3477088948787,"83196078"
"Ghana",2015,"GHA",25.56,"Africa",NA,"28696068"
"Ghana",2017,"GHA",23,"Africa",-10.0156494522692,"30008354"
"Greece",2015,"GRC",17.9,"Europe",-9.91444388525416,"10820883"
"Greece",2016,"GRC",16.24,"Europe",-9.27374301675978,"10775971"
"Greece",2017,"GRC",15.88,"Europe",-2.21674876847289,"10754679"
"Greece",2018,"GRC",14.69,"Europe",-7.49370277078086,"10732882"
"Greece",2019,"GRC",12.98,"Europe",-11.640571817563,"10721582"
"Greece",2020,"GRC",13.53,"Europe",4.23728813559321,"10698599"
"Greece",2021,"GRC",12.05,"Europe",-10.9386548410939,"10569207"
"Guatemala",2015,"GTM",26.66,"North America",-0.89219330855018,"15971743"
"Guatemala",2016,"GTM",27.42,"North America",2.85071267816955,"16268760"
"Guatemala",2017,"GTM",27.26,"North America",-0.583515681983954,"16567357"
"Guatemala",2018,"GTM",27.79,"North America",1.94424064563462,"16845685"
"Guatemala",2019,"GTM",28.19,"North America",1.4393666786614,"17103803"
"Guinea",2019,"GIN",34.3,"Africa",NA,"13034346"
"Guinea-Bissau",2018,"GNB",24.3,"Africa",NA,"1922168"
"Guyana",2018,"GUY",43.9,"South America",NA,"791556"
"Guyana",2019,"GUY",46.39,"South America",5.67198177676538,"807665"
"Honduras",2015,"HND",26.96,"North America",-5.96442274154168,"9237305"
"Honduras",2016,"HND",27.82,"North America",3.18991097922848,"9412380"
"Honduras",2017,"HND",27.72,"North America",-0.359453630481673,"9588137"
"Honduras",2018,"HND",26.62,"North America",-3.96825396825396,"9765210"
"Honduras",2019,"HND",26.8,"North America",0.676183320811419,"9943633"
"Hungary",2015,"HUN",11.58,"Europe",-14.9779735682819,"9797755"
"Hungary",2016,"HUN",11.05,"Europe",-4.5768566493955,"9759755"
"Hungary",2017,"HUN",11.04,"Europe",-0.0904977375565752,"9726756"
"Hungary",2018,"HUN",10.73,"Europe",-2.80797101449274,"9706964"
"Hungary",2019,"HUN",11,"Europe",2.51630941286113,"9694824"
"Hungary",2020,"HUN",11.71,"Europe",6.45454545454546,"9670419"
"Hungary",2021,"HUN",10.61,"Europe",-9.39368061485911,"9630932"
"Iceland",2015,"ISL",4.55,"Europe",-20.4545454545455,"330815"
"Iceland",2016,"ISL",4.12,"Europe",-9.45054945054945,"335439"
"Iceland",2017,"ISL",3.87,"Europe",-6.06796116504854,"343400"
"Iceland",2018,"ISL",4.87,"Europe",25.8397932816537,"352721"
"Iceland",2019,"ISL",4.71,"Europe",-3.28542094455852,"360563"
"Iceland",2020,"ISL",6.03,"Europe",28.0254777070064,"366463"
"Iceland",2021,"ISL",4.88,"Europe",-19.0713101160862,"372520"
"India",2018,"IND",30.81,"Asia",NA,"1374659064"
"India",2019,"IND",31.2,"Asia",1.26582278481013,"1389030312"
"India",2020,"IND",30.7,"Asia",-1.6025641025641,"1402617695"
"India",2021,"IND",28.01,"Asia",-8.76221498371335,"1414203896"
"Indonesia",2015,"IDN",22.92,"Asia",2.5503355704698,"261799249"
"Indonesia",2016,"IDN",22.48,"Asia",-1.91972076788831,"264627418"
"Indonesia",2017,"IDN",21.45,"Asia",-4.58185053380783,"267346658"
"Indonesia",2018,"IDN",21.74,"Asia",1.35198135198135,"269951846"
"Indonesia",2019,"IDN",20.55,"Asia",-5.47378104875804,"272489381"
"Indonesia",2020,"IDN",21.8,"Asia",6.08272506082725,"274814866"
"Indonesia",2021,"IDN",22.45,"Asia",2.98165137614678,"276758053"
"Iraq",2021,"IRQ",36.93,"Asia",NA,"43071211"
"Ireland",2015,"IRL",14.25,"Europe",-6.49606299212599,"4701957"
"Ireland",2016,"IRL",12.57,"Europe",-11.7894736842105,"4762722"
"Ireland",2017,"IRL",10.93,"Europe",-13.0469371519491,"4827445"
"Ireland",2018,"IRL",10.07,"Europe",-7.86825251601097,"4898022"
"Ireland",2019,"IRL",10.09,"Europe",0.198609731876858,"4976456"
"Ireland",2020,"IRL",12.02,"Europe",19.1278493557978,"5039747"
"Ireland",2021,"IRL",7.73,"Europe",-35.6905158069884,"5110585"
"Israel",2015,"ISR",14.31,"Asia",-1.10573600552868,"8380100"
"Israel",2016,"ISR",13.68,"Asia",-4.40251572327045,"8546000"
"Israel",2017,"ISR",13.57,"Asia",-0.804093567251458,"8713300"
"Israel",2018,"ISR",13.42,"Asia",-1.10537951363302,"8882800"
"Israel",2019,"ISR",14.28,"Asia",6.40834575260804,"9054000"
"Israel",2020,"ISR",16.06,"Asia",12.4649859943978,"9215100"
"Israel",2021,"ISR",16.76,"Asia",4.35865504358657,"9371400"
"Italy",2015,"ITA",21.33,"Europe",-3.22141560798549,"60229605"
"Italy",2016,"ITA",19.8,"Europe",-7.17299578059071,"60115223"
"Italy",2017,"ITA",19.99,"Europe",0.959595959595948,"60002252"
"Italy",2018,"ITA",19.19,"Europe",-4.00200100050024,"60148658"
"Italy",2019,"ITA",18.05,"Europe",-5.94059405940594,"59729081"
"Italy",2020,"ITA",18.93,"Europe",4.87534626038781,"59438851"
"Italy",2021,"ITA",19.76,"Europe",4.38457474907555,"59133173"
"Jamaica",2016,"JAM",29.76,"North America",-9.70873786407767,"2809915"
"Jamaica",2017,"JAM",27.88,"North America",-6.31720430107528,"2815764"
"Jamaica",2018,"JAM",26.06,"North America",-6.52797704447633,"2820097"
"Jamaica",2019,"JAM",22.91,"North America",-12.0874904067536,"2823271"
"Jamaica",2020,"JAM",29.66,"North America",29.4631165429943,"2830739"
"Japan",2015,"JPN",3.66,"Asia",-2.13903743315508,"127141000"
"Japan",2016,"JPN",3.55,"Asia",-3.00546448087433,"127076000"
"Japan",2017,"JPN",3.32,"Asia",-6.47887323943662,"126972000"
"Japan",2018,"JPN",2.97,"Asia",-10.5421686746988,"126811000"
"Japan",2019,"JPN",3.14,"Asia",5.72390572390572,"126633000"
"Jordan",2017,"JOR",38.06,"Asia",NA,"10234226"
"Jordan",2018,"JOR",36.52,"Asia",-4.04624277456647,"10462306"
"Jordan",2019,"JOR",36,"Asia",-1.42387732749179,"10671891"
"Jordan",2020,"JOR",35.38,"Asia",-1.72222222222222,"10865228"
"Jordan",2021,"JOR",32.85,"Asia",-7.15093273035614,"11066356"
"Kazakhstan",2015,"KAZ",8.46,"Asia",-3.42465753424656,"18084169"
"Kazakhstan",2016,"KAZ",9.49,"Asia",12.1749408983451,"18363600"
"Kenya",2016,"KEN",13.73,"Africa",NA,"48139687"
"Kenya",2019,"KEN",19.67,"Africa",43.2629278951202,"51202827"
"Kiribati",2015,"KIR",46.89,"Oceania",NA,"116815"
"Kiribati",2019,"KIR",52.01,"Oceania",10.9191725314566,"123921"
"Kiribati",2020,"KIR",47.58,"Oceania",-8.51759277062103,"126099"
"Kosovo",2015,"OWID_KOS",31.68,"Europe",4.79655970889844,"1788274"
"Kosovo",2016,"OWID_KOS",30.26,"Europe",-4.48232323232323,"1777568"
"Kosovo",2017,"OWID_KOS",27.56,"Europe",-8.92267019167218,"1791019"
"Kosovo",2018,"OWID_KOS",29.69,"Europe",7.72859216255444,"1797086"
"Kosovo",2019,"OWID_KOS",32.61,"Europe",9.83496126641966,"1788891"
"Kosovo",2020,"OWID_KOS",33.48,"Europe",2.66789328426862,"1790151"
"Kosovo",2021,"OWID_KOS",32.04,"Europe",-4.3010752688172,"1786079"
"Latvia",2015,"LVA",10.52,"Europe",-12.40632805995,"1977527"
"Latvia",2016,"LVA",11.21,"Europe",6.55893536121674,"1959537"
"Latvia",2017,"LVA",10.26,"Europe",-8.47457627118645,"1942248"
"Latvia",2018,"LVA",7.84,"Europe",-23.5867446393762,"1927174"
"Latvia",2019,"LVA",7.86,"Europe",0.255102040816332,"1913822"
"Latvia",2020,"LVA",7.06,"Europe",-10.1781170483461,"1900449"
"Latvia",2021,"LVA",8.63,"Europe",22.2379603399434,"1884490"
"Lebanon",2019,"LBN",23.52,"Asia",NA,"5794594"
"Lesotho",2019,"LSO",35.15,"Africa",NA,"2209405"
"Liberia",2016,"LBR",13.23,"Africa",-12.5578321216127,"4755608"
"Liberia",2017,"LBR",40.78,"Africa",208.238851095994,"4848925"
"Lithuania",2015,"LTU",9.2,"Europe",-7.16448032290616,"2911109"
"Lithuania",2016,"LTU",9.41,"Europe",2.28260869565218,"2877325"
"Lithuania",2017,"LTU",9.15,"Europe",-2.76301806588735,"2842639"
"Lithuania",2018,"LTU",8.04,"Europe",-12.1311475409836,"2819200"
"Lithuania",2019,"LTU",8.65,"Europe",7.58706467661693,"2811089"
"Lithuania",2020,"LTU",10.76,"Europe",24.393063583815,"2810369"
"Lithuania",2021,"LTU",11.32,"Europe",5.20446096654276,"2808380"
"Luxembourg",2015,"LUX",6.17,"Europe",-1.43769968051118,"569604"
"Luxembourg",2016,"LUX",5.37,"Europe",-12.9659643435981,"582014"
"Luxembourg",2017,"LUX",5.91,"Europe",10.0558659217877,"596336"
"Luxembourg",2018,"LUX",5.28,"Europe",-10.6598984771574,"607950"
"Luxembourg",2019,"LUX",5.6,"Europe",6.06060606060605,"620001"
"Luxembourg",2020,"LUX",6.55,"Europe",16.9642857142857,"630419"
"Luxembourg",2021,"LUX",8.67,"Europe",32.3664122137405,"640064"
"Malawi",2017,"MWI",20.95,"Africa",NA,"18039715"
"Malawi",2020,"MWI",19.41,"Africa",-7.3508353221957,"19533888"
"Malaysia",2016,"MYS",11.69,"Asia",-8.45732184808144,"31789685"
"Malaysia",2017,"MYS",11.8,"Asia",0.940975192472209,"32355644"
"Malaysia",2018,"MYS",12.47,"Asia",5.67796610169491,"32910967"
"Malaysia",2019,"MYS",11.41,"Asia",-8.50040096230955,"33440596"
"Malaysia",2020,"MYS",13.63,"Asia",19.4566170026293,"33889558"
"Maldives",2016,"MDV",23.79,"Asia",8.92857142857143,"443308"
"Maldives",2019,"MDV",26.27,"Asia",10.4245481294662,"487731"
"Mali",2015,"MLI",24.94,"Africa",17.0342562177382,"18593022"
"Mali",2016,"MLI",33.98,"Africa",36.2469927826784,"19191289"
"Mali",2017,"MLI",28.56,"Africa",-15.9505591524426,"19813011"
"Mali",2018,"MLI",26.72,"Africa",-6.44257703081232,"20442030"
"Mali",2020,"MLI",30.86,"Africa",15.4940119760479,"21713836"
"Malta",2015,"MLT",10.54,"Europe",2.62901655306718,"444220"
"Malta",2016,"MLT",8.76,"Europe",-16.888045540797,"454505"
"Malta",2017,"MLT",8.59,"Europe",-1.94063926940639,"467106"
"Malta",2018,"MLT",7.28,"Europe",-15.2502910360885,"483903"
"Malta",2019,"MLT",8.56,"Europe",17.5824175824176,"503912"
"Malta",2020,"MLT",9.3,"Europe",8.64485981308411,"515490"
"Malta",2021,"MLT",13.5,"Europe",45.1612903225806,"518150"
"Marshall Islands",2019,"MHL",42.94,"Oceania",NA,"44007"
"Mauritania",2017,"MRT",35.53,"Africa",NA,"4210600"
"Mauritania",2019,"MRT",44.08,"Africa",24.0641711229946,"4467708"
"Mauritius",2015,"MUS",20.09,"Africa",-3.69127516778523,"1262879"
"Mauritius",2016,"MUS",20.32,"Africa",1.14484818317571,"1263747"
"Mauritius",2017,"MUS",19.94,"Africa",-1.87007874015748,"1264887"
"Mauritius",2018,"MUS",20.46,"Africa",2.60782347041123,"1265577"
"Mauritius",2019,"MUS",18.08,"Africa",-11.6324535679374,"1265985"
"Mauritius",2021,"MUS",32.42,"Africa",79.3141592920354,"1266334"
"Mexico",2015,"MEX",19.72,"North America",-2.7613412228797,"121072306"
"Mexico",2016,"MEX",19.5,"North America",-1.1156186612576,"122251351"
"Mexico",2017,"MEX",18.7,"North America",-4.10256410256411,"123400057"
"Mexico",2018,"MEX",18.41,"North America",-1.55080213903743,"124573711"
"Mexico",2019,"MEX",18.3,"North America",-0.597501357957629,"125762982"
"Mexico",2020,"MEX",20.38,"North America",11.3661202185792,"126799054"
"Mexico",2021,"MEX",18.35,"North America",-9.96074582924435,"127648148"
"Moldova",2015,"MDA",15.77,"Europe",-6.40949554896143,"2835978"
"Moldova",2016,"MDA",16.27,"Europe",3.17057704502219,"2803186"
"Moldova",2017,"MDA",16.92,"Europe",3.99508297480026,"2755189"
"Moldova",2018,"MDA",17.83,"Europe",5.37825059101653,"2707203"
"Moldova",2019,"MDA",17.48,"Europe",-1.96298373527761,"2664224"
"Moldova",2020,"MDA",15.59,"Europe",-10.812356979405,"2635130"
"Moldova",2021,"MDA",13.55,"Europe",-13.085311096857,"2595809"
"Mongolia",2015,"MNG",16.81,"Asia",-3.6676217765043,"3026864"
"Mongolia",2016,"MNG",20.45,"Asia",21.6537775133849,"3088856"
"Mongolia",2017,"MNG",19.82,"Asia",-3.08068459657701,"3148917"
"Mongolia",2018,"MNG",18.88,"Asia",-4.74268415741676,"3208189"
"Mongolia",2019,"MNG",18.45,"Asia",-2.27754237288135,"3267673"
"Mongolia",2020,"MNG",18.5,"Asia",0.271002710027104,"3327204"
"Mongolia",2021,"MNG",17.18,"Asia",-7.13513513513514,"3383741"
"Montenegro",2015,"MNE",19.15,"Europe",8.06997742663657,"624651"
"Montenegro",2016,"MNE",18.4,"Europe",-3.91644908616188,"625353"
"Montenegro",2017,"MNE",16.69,"Europe",-9.29347826086955,"625982"
"Montenegro",2018,"MNE",16.3,"Europe",-2.33672857998802,"626438"
"Montenegro",2019,"MNE",17.34,"Europe",6.3803680981595,"626753"
"Montenegro",2020,"MNE",21.09,"Europe",21.6262975778547,"626590"
"Myanmar",2015,"MMR",18.62,"Asia",NA,"51089056"
"Myanmar",2017,"MMR",16.59,"Asia",-10.9022556390977,"51894938"
"Myanmar",2018,"MMR",12.79,"Asia",-22.9053646775166,"52272247"
"Myanmar",2019,"MMR",13.78,"Asia",7.74042220484754,"52640713"
"Myanmar",2020,"MMR",15.02,"Asia",8.99854862119013,"53016522"
"Namibia",2016,"NAM",33.55,"Africa",10.1083032490975,"2439213"
"Namibia",2018,"NAM",31.88,"Africa",-4.97764530551415,"2577327"
"Nepal",2017,"NPL",34.76,"Asia",NA,"28011258"
"Netherlands",2015,"NLD",4.67,"Europe",-15.5515370705244,"16939923"
"Netherlands",2016,"NLD",4.57,"Europe",-2.14132762312633,"17030314"
"Netherlands",2017,"NLD",4,"Europe",-12.472647702407,"17131296"
"Netherlands",2018,"NLD",4.18,"Europe",4.49999999999999,"17231624"
"Netherlands",2019,"NLD",4.26,"Europe",1.91387559808613,"17344874"
"Netherlands",2020,"NLD",4.52,"Europe",6.10328638497652,"17441500"
"Netherlands",2021,"NLD",5.11,"Europe",13.0530973451328,"17533044"
"New Caledonia",2017,"NCL",39.24,"Oceania",231.418918918919,"283546"
"New Caledonia",2018,"NCL",32.43,"Oceania",-17.3547400611621,"283541"
"New Caledonia",2019,"NCL",27.91,"Oceania",-13.9377119950663,"283606"
"New Caledonia",2020,"NCL",33.02,"Oceania",18.3088498745969,"284176"
"New Zealand",2015,"NZL",11.54,"Oceania",-0.944206008583701,"4609400"
"New Zealand",2016,"NZL",12.18,"Oceania",5.54592720970538,"4714100"
"New Zealand",2017,"NZL",11.92,"Oceania",-2.13464696223317,"4813600"
"New Zealand",2018,"NZL",12.05,"Oceania",1.09060402684564,"4900600"
"New Zealand",2019,"NZL",11.62,"Oceania",-3.56846473029047,"4979200"
"New Zealand",2020,"NZL",12.94,"Oceania",11.3597246127367,"5090200"
"New Zealand",2021,"NZL",11.85,"Oceania",-8.42349304482225,"5111300"
"Niger",2017,"NER",68.66,"Africa",172.460317460317,"21435446"
"Nigeria",2016,"NGA",27.06,"Africa",NA,"195443700"
"Nigeria",2019,"NGA",36.65,"Africa",35.439763488544,"209485641"
"North Macedonia",2015,"MKD",24.93,"Europe",-2.95834955235501,"1912430"
"North Macedonia",2016,"MKD",24.98,"Europe",0.20056157240273,"1906313"
"North Macedonia",2017,"MKD",25.61,"Europe",2.52201761409127,"1898657"
"North Macedonia",2018,"MKD",25.08,"Europe",-2.06950409996096,"1889051"
"North Macedonia",2019,"MKD",18.81,"Europe",-25,"1876262"
"North Macedonia",2020,"MKD",19.81,"Europe",5.31632110579479,"1856124"
"North Macedonia",2021,"MKD",18.36,"Europe",-7.31953558808682,"1837114"
"Norway",2015,"NOR",5.03,"Europe",-8.04387568555758,"5188607"
"Norway",2016,"NOR",5.37,"Europe",6.75944333996024,"5234519"
"Norway",2017,"NOR",4.59,"Europe",-14.5251396648045,"5276968"
"Norway",2018,"NOR",4.85,"Europe",5.66448801742919,"5311916"
"Norway",2019,"NOR",4.75,"Europe",-2.06185567010309,"5347896"
"Norway",2020,"NOR",4.9,"Europe",3.15789473684211,"5379475"
"Norway",2021,"NOR",6.32,"Europe",28.9795918367347,"5408320"
"Pakistan",2015,"PAK",30.41,"Asia",-1.61759948236817,"217290883"
"Pakistan",2018,"PAK",30.96,"Asia",1.80861558697797,"226928892"
"Pakistan",2019,"PAK",29.71,"Asia",-4.0374677002584,"230800899"
"Pakistan",2021,"PAK",34.56,"Asia",16.3244698754628,"239477801"
"Palau",2020,"PLW",18.04,"Oceania",36.0482654600302,"17792"
"Panama",2015,"PAN",18.45,"North America",-1.65245202558637,"3960035"
"Panama",2016,"PAN",17.09,"North America",-7.37127371273712,"4029086"
"Panama",2017,"PAN",17.2,"North America",0.643651258045637,"4098707"
"Panama",2018,"PAN",16.38,"North America",-4.76744186046512,"4167860"
"Panama",2019,"PAN",16.68,"North America",1.83150183150184,"4234700"
"Panama",2020,"PAN",18.74,"North America",12.3501199040767,"4293261"
"Panama",2021,"PAN",19.3,"North America",2.98826040554964,"4345405"
"Paraguay",2015,"PRY",17.45,"South America",3.68389780154487,"6159103"
"Paraguay",2016,"PRY",18.57,"South America",6.41833810888253,"6249126"
"Paraguay",2017,"PRY",18.59,"South America",0.107700592353256,"6338660"
"Peru",2015,"PER",18.59,"South America",11.6516516516517,"30457600"
"Peru",2016,"PER",19.2,"South America",3.28133405056482,"30866494"
"Peru",2017,"PER",17.35,"South America",-9.63541666666666,"31324637"
"Peru",2018,"PER",17.75,"South America",2.30547550432276,"31897584"
"Peru",2019,"PER",16.87,"South America",-4.95774647887323,"32449303"
"Peru",2020,"PER",25.68,"South America",52.2228808535862,"32838579"
"Peru",2021,"PER",22.7,"South America",-11.6043613707165,"33155882"
"Philippines",2015,"PHL",22.84,"Asia",-2.18415417558887,"105312992"
"Philippines",2016,"PHL",22.2,"Asia",-2.80210157618214,"106735719"
"Philippines",2017,"PHL",21.7,"Asia",-2.25225225225225,"108119693"
"Philippines",2018,"PHL",19.89,"Asia",-8.34101382488479,"109465287"
"Philippines",2019,"PHL",18.76,"Asia",-5.68124685771744,"110804683"
"Philippines",2020,"PHL",21.05,"Asia",12.2068230277185,"112081264"
"Philippines",2021,"PHL",17.47,"Asia",-17.0071258907364,"113100950"
"Poland",2015,"POL",10.99,"Europe",-8.26377295492488,"37986412"
"Poland",2016,"POL",10.52,"Europe",-4.27661510464059,"37970087"
"Poland",2017,"POL",9.48,"Europe",-9.88593155893535,"37974826"
"Poland",2018,"POL",8.66,"Europe",-8.64978902953587,"37974750"
"Poland",2019,"POL",8.13,"Europe",-6.12009237875288,"37965475"
"Poland",2020,"POL",8.63,"Europe",6.150061500615,"37515748"
"Poland",2021,"POL",11.2,"Europe",29.7798377752028,"36981559"
"Portugal",2015,"PRT",11.27,"Europe",-8.22475570032573,"10358076"
"Portugal",2016,"PRT",10.55,"Europe",-6.38864241348712,"10325452"
"Portugal",2017,"PRT",9.34,"Europe",-11.4691943127962,"10300300"
"Portugal",2018,"PRT",8.37,"Europe",-10.3854389721627,"10283822"
"Portugal",2019,"PRT",8.02,"Europe",-4.1816009557945,"10286263"
"Portugal",2020,"PRT",9.06,"Europe",12.9675810473816,"10297081"
"Portugal",2021,"PRT",7.61,"Europe",-16.0044150110375,"10361831"
"Romania",2015,"ROU",18.08,"Europe",6.29041740152849,"19815616"
"Romania",2016,"ROU",17.38,"Europe",-3.8716814159292,"19702267"
"Romania",2017,"ROU",15.15,"Europe",-12.8308400460299,"19588715"
"Romania",2018,"ROU",14.52,"Europe",-4.15841584158416,"19473970"
"Romania",2019,"ROU",14.66,"Europe",0.964187327823695,"19371648"
"Romania",2020,"ROU",14.75,"Europe",0.613915416098226,"19265250"
"Romania",2021,"ROU",18.02,"Europe",22.1694915254237,"19122059"
"Rwanda",2017,"RWA",25.59,"Africa",395.93023255814,"12202060"
"Rwanda",2018,"RWA",26.3,"Africa",2.77452129738179,"12487996"
"Rwanda",2019,"RWA",28.55,"Africa",8.55513307984791,"12776103"
"Rwanda",2020,"RWA",26.14,"Africa",-8.44133099824869,"13065837"
"Rwanda",2021,"RWA",29.05,"Africa",11.132364192808,"13355260"
"Samoa",2017,"WSM",28.74,"Oceania",NA,"205415"
"Saudi Arabia",2019,"SAU",15.6,"Asia",NA,"30063799"
"Saudi Arabia",2020,"SAU",20.32,"Asia",30.2564102564103,"31552510"
"Saudi Arabia",2021,"SAU",19.22,"Asia",-5.41338582677166,"30784383"
"Senegal",2015,"SEN",36.26,"Africa",NA,"14593331"
"Senegal",2016,"SEN",29.52,"Africa",-18.5879757308329,"15034521"
"Senegal",2017,"SEN",35.52,"Africa",20.3252032520325,"15475002"
"Senegal",2018,"SEN",39.69,"Africa",11.7398648648648,"15914498"
"Senegal",2019,"SEN",33.9,"Africa",-14.5880574452003,"16352922"
"Serbia",2015,"SRB",20.36,"Europe",-3.04761904761905,"7095383"
"Serbia",2016,"SRB",18.08,"Europe",-11.1984282907662,"7058322"
"Serbia",2017,"SRB",17.58,"Europe",-2.76548672566372,"7020858"
"Serbia",2018,"SRB",16.98,"Europe",-3.41296928327644,"6982604"
"Serbia",2019,"SRB",15.66,"Europe",-7.77385159010601,"6945235"
"Serbia",2020,"SRB",16.18,"Europe",3.32056194125159,"6899126"
"Serbia",2021,"SRB",16.05,"Europe",-0.803461063040785,"6834326"
"Seychelles",2019,"SYC",21.82,"Africa",NA,"97625"
"Seychelles",2020,"SYC",26.01,"Africa",19.2025664527956,"98462"
"Sierra Leone",2018,"SLE",33.17,"Africa",2.66171463943051,"7554563"
"Singapore",2015,"SGP",3.6,"Asia",0,"5535002"
"Singapore",2016,"SGP",4.1,"Asia",13.8888888888889,"5607283"
"Singapore",2017,"SGP",4.5,"Asia",9.75609756097562,"5612253"
"Singapore",2018,"SGP",4.3,"Asia",-4.44444444444445,"5638676"
"Singapore",2019,"SGP",4.13,"Asia",-3.95348837209302,"5703569"
"Singapore",2020,"SGP",4.46,"Asia",7.99031476997579,"5685807"
"Singapore",2021,"SGP",6.2,"Asia",39.0134529147982,"5453566"
"Slovenia",2015,"SVN",9.51,"Europe",0.955414012738852,"2063531"
"Slovenia",2016,"SVN",8.03,"Europe",-15.5625657202944,"2065042"
"Slovenia",2017,"SVN",6.52,"Europe",-18.8044831880448,"2066388"
"Slovenia",2018,"SVN",6.62,"Europe",1.53374233128835,"2073894"
"Slovenia",2019,"SVN",7.03,"Europe",6.19335347432024,"2088385"
"Slovenia",2020,"SVN",7.68,"Europe",9.24608819345661,"2102419"
"Slovenia",2021,"SVN",6.6,"Europe",-14.0625,"2108079"
"South Africa",2015,"ZAF",28.97,"Africa",-3.20748412963582,"56723537"
"South Africa",2016,"ZAF",29.31,"Africa",1.17362789092164,"57259551"
"South Africa",2017,"ZAF",28.88,"Africa",-1.46707608324804,"57635162"
"South Africa",2018,"ZAF",29.6,"Africa",2.49307479224378,"58613001"
"South Africa",2019,"ZAF",30.57,"Africa",3.27702702702702,"59587885"
"South Africa",2020,"ZAF",29.88,"Africa",-2.25711481844946,"60562381"
"South Africa",2021,"ZAF",30.6,"Africa",2.40963855421688,"61502603"
"Spain",2015,"ESP",15.64,"Europe",-8.7514585764294,"46422303"
"Spain",2016,"ESP",14.62,"Europe",-6.52173913043479,"46458139"
"Spain",2017,"ESP",13.32,"Europe",-8.89192886456908,"46571232"
"Spain",2018,"ESP",12.45,"Europe",-6.53153153153154,"46782011"
"Spain",2019,"ESP",12.13,"Europe",-2.57028112449798,"47118501"
"Spain",2020,"ESP",13.88,"Europe",14.4270403957131,"47359424"
"Spain",2021,"ESP",10.97,"Europe",-20.9654178674352,"47443821"
"Sri Lanka",2015,"LKA",26.63,"Asia",-7.53472222222223,"20970000"
"Sri Lanka",2016,"LKA",27.09,"Asia",1.72737514081863,"21209000"
"Sri Lanka",2017,"LKA",24.72,"Asia",-8.74861572535992,"21453000"
"Sri Lanka",2018,"LKA",24.18,"Asia",-2.18446601941747,"21670000"
"Sri Lanka",2019,"LKA",21.21,"Asia",-12.2828784119107,"21803000"
"Sri Lanka",2020,"LKA",21.51,"Asia",1.41442715700142,"21919000"
"Suriname",2016,"SUR",18.19,"South America",NA,"587757"
"Sweden",2015,"SWE",6.72,"Europe",-6.14525139664805,"9799186"
"Sweden",2016,"SWE",6.48,"Europe",-3.57142857142856,"9923085"
"Sweden",2017,"SWE",6.15,"Europe",-5.09259259259259,"10057698"
"Sweden",2018,"SWE",6.02,"Europe",-2.1138211382114,"10175214"
"Sweden",2019,"SWE",5.48,"Europe",-8.97009966777407,"10278887"
"Sweden",2020,"SWE",6.46,"Europe",17.8832116788321,"10353442"
"Sweden",2021,"SWE",5.07,"Europe",-21.5170278637771,"10415811"
"Switzerland",2015,"CHE",9.35,"Europe",2.6344676180022,"8282396"
"Switzerland",2016,"CHE",8.67,"Europe",-7.27272727272727,"8373338"
"Switzerland",2017,"CHE",8.13,"Europe",-6.22837370242214,"8451840"
"Switzerland",2018,"CHE",7.93,"Europe",-2.46002460024602,"8514329"
"Switzerland",2019,"CHE",7.71,"Europe",-2.77427490542244,"8575280"
"Switzerland",2020,"CHE",8.62,"Europe",11.8028534370947,"8638167"
"Switzerland",2021,"CHE",9.89,"Europe",14.7331786542924,"8704546"
"Tanzania",2020,"TZA",14.35,"Africa",-3.88479571332887,"60972798"
"Thailand",2015,"THA",13.59,"Asia",2.02702702702702,"70540795"
"Thailand",2016,"THA",14.97,"Asia",10.1545253863135,"70859841"
"Thailand",2017,"THA",15.59,"Asia",4.14161656646626,"71160187"
"Thailand",2018,"THA",14.78,"Asia",-5.19563822963438,"71376079"
"Thailand",2019,"THA",14.88,"Asia",0.67658998646821,"71522271"
"Thailand",2020,"THA",15.13,"Asia",1.68010752688172,"71641484"
"Thailand",2021,"THA",14.75,"Asia",-2.51156642432254,"71727332"
"Togo",2015,"TGO",17.76,"Africa",NA,"7663195"
"Togo",2017,"TGO",25.08,"Africa",41.2162162162162,"8057140"
"Tonga",2018,"TON",27.92,"Oceania",NA,"105567"
"Tonga",2021,"TON",18.68,"Oceania",-33.0945558739255,"105490"
"Trinidad and Tobago",2019,"TTO",14.61,"North America",NA,"1363985"
"Trinidad and Tobago",2020,"TTO",17.06,"North America",16.7693360711841,"1366725"
"Trinidad and Tobago",2021,"TTO",15.46,"North America",-9.37866354044547,"1367558"
"Tuvalu",2016,"TUV",34.26,"Oceania",NA,"10930"
"Tuvalu",2017,"TUV",45.54,"Oceania",32.9246935201401,"10869"
"Uganda",2017,"UGA",19.2,"Africa",NA,"40177388"
"Uganda",2021,"UGA",13.8,"Africa",-28.125,"45910930"
"Ukraine",2015,"UKR",17.63,"Europe",-11.7617617617618,"45784896"
"Ukraine",2016,"UKR",18.26,"Europe",3.57345433919457,"45616832"
"Ukraine",2017,"UKR",16.47,"Europe",-9.802847754655,"45436041"
"United Arab Emirates",2021,"ARE",10.72,"Asia",NA,"9575152"
"United Kingdom",2015,"GBR",11.05,"Europe",-6.82967959527824,"65088000"
"United Kingdom",2016,"GBR",10.89,"Europe",-1.44796380090498,"65607000"
"United Kingdom",2017,"GBR",10.31,"Europe",-5.32598714416896,"65966000"
"United Kingdom",2018,"GBR",10.45,"Europe",1.35790494665372,"66289000"
"United Kingdom",2019,"GBR",10.52,"Europe",0.669856459330146,"66631000"
"United States",2015,"USA",12.44,"North America",-7.09484690067215,"321815121"
"United States",2016,"USA",12.02,"North America",-3.37620578778135,"324353340"
"United States",2017,"USA",10.97,"North America",-8.73544093178036,"326608609"
"United States",2018,"USA",10.92,"North America",-0.45578851412945,"328529577"
"United States",2019,"USA",10.41,"North America",-4.67032967032967,"330226227"
"United States",2020,"USA",13.89,"North America",33.4293948126801,"331577720"
"United States",2021,"USA",12.2,"North America",-12.167026637869,"332099760"
"Uruguay",2015,"URY",18.73,"South America",3.19559228650139,"3368017"
"Uruguay",2016,"URY",18.68,"South America",-0.266951414842502,"3379283"
"Uruguay",2017,"URY",17.87,"South America",-4.33618843683083,"3388438"
"Uruguay",2018,"URY",17.95,"South America",0.447677672076096,"3394534"
"Uruguay",2019,"URY",17.58,"South America",-2.06128133704736,"3397206"
"Uruguay",2021,"URY",14.92,"South America",-15.1308304891923,"3396695"
"Vanuatu",2019,"VUT",34.5,"Oceania",NA,"291985"
"Vanuatu",2020,"VUT",47.53,"Oceania",37.768115942029,"298858"
"Zambia",2017,"ZMB",42.83,"Africa",NA,"17441320"
"Zambia",2018,"ZMB",32.83,"Africa",-23.3481204763017,"17973569"
"Zambia",2019,"ZMB",32.54,"Africa",-0.88333840999086,"18513839"
"Zambia",2020,"ZMB",31.05,"Africa",-4.57897971727105,"19059395"
"Zambia",2021,"ZMB",31.36,"Africa",0.998389694041864,"19603607"
"Zimbabwe",2019,"ZWE",29.37,"Africa",77.3550724637681,"15271368"
"Zimbabwe",2021,"ZWE",30.43,"Africa",3.60912495743956,"15797210"
