Series Name,Series Code,Country Name,Country Code,2015 [YR2015],2016 [YR2016],2017 [YR2017],2018 [YR2018],2019 [YR2019],2020 [YR2020],2021 [YR2021]
"Population, total",SP.POP.TOTL,Afghanistan,AFG,33831764,34700612,35688935,36743039,37856121,39068979,40000412
"Population, total",SP.POP.TOTL,Albania,ALB,2880703,2876101,2873457,2866376,2854191,2837849,2811666
"Population, total",SP.POP.TOTL,Algeria,DZA,40019529,40850721,41689299,42505035,43294546,44042091,44761099
"Population, total",SP.POP.TOTL,American Samoa,ASM,52878,52245,51586,50908,50209,49761,49225
"Population, total",SP.POP.TOTL,Andorra,AND,72174,72181,73763,75162,76474,77380,78364
"Population, total",SP.POP.TOTL,Angola,AGO,28157798,29183070,30234839,31297155,32375632,33451132,34532429
"Population, total",SP.POP.TOTL,Antigua and Barbuda,ATG,89409,89969,90468,90926,91364,91846,92349
"Population, total",SP.POP.TOTL,Argentina,ARG,43477012,43900313,44288894,44654882,44973465,45191965,45312281
"Population, total",SP.POP.TOTL,Armenia,ARM,3004600,2992300,2979400,2969000,2962500,2961500,2962300
"Population, total",SP.POP.TOTL,Aruba,ABW,107906,108727,108735,108908,109203,108587,107700
"Population, total",SP.POP.TOTL,Australia,AUS,23815995,24190907,24592588,24963258,25334826,25649248,25685412
"Population, total",SP.POP.TOTL,Austria,AUT,8642699,8736668,8797566,8840521,8879920,8916864,8955797
"Population, total",SP.POP.TOTL,Azerbaijan,AZE,9649341,9757812,9854033,9939771,10024283,10093121,10137750
"Population, total",SP.POP.TOTL,"Bahamas, The",BHS,385346,388055,390485,392717,394675,395863,396373
"Population, total",SP.POP.TOTL,Bahrain,BHR,1370322,1423726,1501116,1503091,1483756,1472204,1504365
"Population, total",SP.POP.TOTL,Bangladesh,BGD,159383179,160811932,162186147,163523103,164913055,166298024,167658854
"Population, total",SP.POP.TOTL,Barbados,BRB,278990,279598,280171,280711,281207,281698,282147
"Population, total",SP.POP.TOTL,Belarus,BLR,9461076,9469379,9458989,9438785,9419758,9379952,9302585
"Population, total",SP.POP.TOTL,Belgium,BEL,11274196,11331422,11375158,11427054,11488980,11538604,11586195
"Population, total",SP.POP.TOTL,Belize,BLZ,356333,364705,373202,380226,385829,390812,395346
"Population, total",SP.POP.TOTL,Benin,BEN,11360681,11697842,12039780,12383347,12726755,13070169,13413417
"Population, total",SP.POP.TOTL,Bermuda,BMU,63464,63449,63578,63831,64107,64382,64648
"Population, total",SP.POP.TOTL,Bhutan,BTN,740618,747866,754335,759759,764824,770006,775442
"Population, total",SP.POP.TOTL,Bolivia,BOL,11014705,11180020,11344587,11508368,11671386,11816299,11937360
"Population, total",SP.POP.TOTL,Bosnia and Herzegovina,BIH,3518541,3473003,3428682,3387000,3345533,3299349,3244907
"Population, total",SP.POP.TOTL,Botswana,BWA,2203273,2234776,2266747,2299141,2332083,2365894,2401441
"Population, total",SP.POP.TOTL,Brazil,BRA,201675532,203218114,204703445,206107261,207455459,208660842,209550294
"Population, total",SP.POP.TOTL,British Virgin Islands,VGB,34498,33878,32699,34657,36395,37135,37809
"Population, total",SP.POP.TOTL,Brunei Darussalam,BRN,422212,427564,432772,437810,442680,447404,451721
"Population, total",SP.POP.TOTL,Bulgaria,BGR,6984225,6894139,6803468,6710798,6616726,6550696,6507301
"Population, total",SP.POP.TOTL,Burkina Faso,BFA,18777487,19334856,19894407,20438288,20961952,21478690,21995243
"Population, total",SP.POP.TOTL,Burundi,BDI,11047580,11239451,11506762,11859446,12255336,12617036,12965481
"Population, total",SP.POP.TOTL,Cabo Verde,CPV,512394,512554,512893,513415,514104,514679,516649
"Population, total",SP.POP.TOTL,Cambodia,KHM,15623251,15852803,16073372,16274522,16481304,16725474,16974305
"Population, total",SP.POP.TOTL,Cameroon,CMR,22763414,23454161,24128601,24806383,25506095,26210558,26915758
"Population, total",SP.POP.TOTL,Canada,CAN,35704498,36110803,36545075,37072620,37618495,38028638,38239864
"Population, total",SP.POP.TOTL,Cayman Islands,CYM,61642,63100,64535,65941,67327,68684,70108
"Population, total",SP.POP.TOTL,Central African Republic,CAF,4629320,4713663,4793511,4878657,4944703,5026628,5112100
"Population, total",SP.POP.TOTL,Chad,TCD,14647621,15114655,15622759,16156531,16685223,17224679,17828273
"Population, total",SP.POP.TOTL,Channel Islands,CHI,163454,163883,164319,164949,165639,166235,166741
"Population, total",SP.POP.TOTL,Chile,CHL,18047625,18267221,18558868,18893191,19197744,19370624,19456334
"Population, total",SP.POP.TOTL,China,CHN,1379860000,1387790000,1396215000,1402760000,1407745000,1411100000,1412360000
"Population, total",SP.POP.TOTL,Colombia,COL,46969940,47437512,48131078,49024465,49907985,50629997,51188173
"Population, total",SP.POP.TOTL,Comoros,COM,726682,741741,756669,771590,786578,802163,818174
"Population, total",SP.POP.TOTL,"Congo, Dem. Rep.",COD,81035531,83956415,87083398,90047644,92947442,95989998,99148932
"Population, total",SP.POP.TOTL,"Congo, Rep.",COG,5097581,5222536,5351011,5483118,5616661,5752791,5892183
"Population, total",SP.POP.TOTL,Costa Rica,CRI,4818038,4866998,4913177,4957818,4999553,5034320,5059988
"Population, total",SP.POP.TOTL,Cote d'Ivoire,CIV,25246342,25989405,26733372,27464173,28193009,28915449,29639736
"Population, total",SP.POP.TOTL,Croatia,HRV,4151725,4106867,4041407,3988775,3949390,3914206,3878981
"Population, total",SP.POP.TOTL,Cuba,CUB,11275065,11265612,11247829,11227118,11202846,11176354,11122168
"Population, total",SP.POP.TOTL,Curacao,CUW,157980,159664,160175,159336,157441,154947,152369
"Population, total",SP.POP.TOTL,Cyprus,CYP,1219502,1237112,1254275,1270737,1286671,1302247,1317309
"Population, total",SP.POP.TOTL,Czechia,CZE,10546059,10566332,10594438,10629928,10671870,10697858,10505772
"Population, total",SP.POP.TOTL,Denmark,DNK,5683483,5728010,5764980,5793636,5814422,5831404,5856733
"Population, total",SP.POP.TOTL,Djibouti,DJI,1020313,1037653,1054841,1071882,1088709,1105188,1121248
"Population, total",SP.POP.TOTL,Dominica,DMA,70410,69606,68496,68174,67880,67573,67202
"Population, total",SP.POP.TOTL,Dominican Republic,DOM,10434829,10551430,10666843,10782053,10894043,11008300,11123476
"Population, total",SP.POP.TOTL,Ecuador,ECU,16266225,16505139,16759519,17049547,17340021,17546065,17682454
"Population, total",SP.POP.TOTL,"Egypt, Arab Rep.",EGY,99597342,101644589,103696057,105682094,107553158,109315124,110957008
"Population, total",SP.POP.TOTL,El Salvador,SLV,6183676,6200800,6213533,6219807,6222318,6234673,6255782
"Population, total",SP.POP.TOTL,Equatorial Guinea,GNQ,1453923,1508186,1562396,1616422,1670177,1716468,1758786
"Population, total",SP.POP.TOTL,Eritrea,ERI,3105546,3124698,3150347,3192760,3240194,3291271,3350183
"Population, total",SP.POP.TOTL,Estonia,EST,1315407,1315790,1317384,1321977,1326898,1329522,1330932
"Population, total",SP.POP.TOTL,Eswatini,SWZ,1142813,1149507,1158195,1168929,1179874,1192729,1206593
"Population, total",SP.POP.TOTL,Ethiopia,ETH,103867135,106718162,109666481,112664152,115737383,118917671,122138588
"Population, total",SP.POP.TOTL,Faroe Islands,FRO,48901,49464,50180,50996,51793,52567,53305
"Population, total",SP.POP.TOTL,Fiji,FJI,918578,919166,918759,917180,914899,914963,916711
"Population, total",SP.POP.TOTL,Finland,FIN,5479531,5495303,5508214,5515525,5521606,5529543,5541017
"Population, total",SP.POP.TOTL,France,FRA,66548272,66724104,66918020,67158348,67382061,67601110,67842811
"Population, total",SP.POP.TOTL,French Polynesia,PYF,277866,279178,280087,279815,279034,279209,279792
"Population, total",SP.POP.TOTL,Gabon,GAB,2040989,2100306,2156900,2212318,2267706,2322539,2376722
"Population, total",SP.POP.TOTL,"Gambia, The",GMB,2224529,2283769,2342189,2399632,2456844,2515733,2576010
"Population, total",SP.POP.TOTL,Georgia,GEO,3725276,3727505,3728004,3726549,3720161,3722716,3708610
"Population, total",SP.POP.TOTL,Germany,DEU,81686611,82348669,82657002,82905782,83092962,83160871,83196078
"Population, total",SP.POP.TOTL,Ghana,GHA,28696068,29356742,30008354,30637585,31258945,31887809,32518665
"Population, total",SP.POP.TOTL,Gibraltar,GIB,33193,33658,34245,34854,35494,36173,36858
"Population, total",SP.POP.TOTL,Greece,GRC,10820883,10775971,10754679,10732882,10721582,10698599,10569207
"Population, total",SP.POP.TOTL,Greenland,GRL,56114,56186,56172,56023,56225,56367,56653
"Population, total",SP.POP.TOTL,Grenada,GRD,114676,115130,115438,115691,115981,116341,116688
"Population, total",SP.POP.TOTL,Guam,GUM,164905,164233,163490,162679,161808,162158,163730
"Population, total",SP.POP.TOTL,Guatemala,GTM,15971743,16268760,16567357,16845685,17103803,17357325,17598650
"Population, total",SP.POP.TOTL,Guinea,GIN,11767070,12073030,12385659,12704774,13034346,13371183,13710513
"Population, total",SP.POP.TOTL,Guinea-Bissau,GNB,1786457,1831893,1877072,1922168,1967696,2013255,2058841
"Population, total",SP.POP.TOTL,Guyana,GUY,758781,763548,768479,791556,807665,807481,815482
"Population, total",SP.POP.TOTL,Haiti,HTI,10523242,10671457,10817754,10962362,11105163,11243848,11374586
"Population, total",SP.POP.TOTL,Honduras,HND,9237305,9412380,9588137,9765210,9943633,10119640,10289877
"Population, total",SP.POP.TOTL,"Hong Kong SAR, China",HKG,7291300,7336600,7393200,7452600,7507900,7481000,7413100
"Population, total",SP.POP.TOTL,Hungary,HUN,9797755,9759755,9726756,9706964,9694824,9670419,9630932
"Population, total",SP.POP.TOTL,Iceland,ISL,330815,335439,343400,352721,360563,366463,372520
"Population, total",SP.POP.TOTL,India,IND,1328024498,1343944296,1359657400,1374659064,1389030312,1402617695,1414203896
"Population, total",SP.POP.TOTL,Indonesia,IDN,261799249,264627418,267346658,269951846,272489381,274814866,276758053
"Population, total",SP.POP.TOTL,"Iran, Islamic Rep.",IRN,82619362,83812228,85026754,86117998,87051648,87723443,88455488
"Population, total",SP.POP.TOTL,Iraq,IRQ,37560535,38469627,39337353,40265624,41192171,42116605,43071211
"Population, total",SP.POP.TOTL,Ireland,IRL,4701957,4762722,4827445,4898022,4976456,5039747,5110585
"Population, total",SP.POP.TOTL,Isle of Man,IMN,83593,83466,83609,83805,83957,84064,84106
"Population, total",SP.POP.TOTL,Israel,ISR,8380100,8546000,8713300,8882800,9054000,9215100,9371400
"Population, total",SP.POP.TOTL,Italy,ITA,60229605,60115223,60002252,60148658,59729081,59438851,59133173
"Population, total",SP.POP.TOTL,Jamaica,JAM,2802534,2809915,2815764,2820097,2823271,2830739,2837682
"Population, total",SP.POP.TOTL,Japan,JPN,127141000,127076000,126972000,126811000,126633000,126261000,125681593
"Population, total",SP.POP.TOTL,Jordan,JOR,9544729,10006367,10234226,10462306,10671891,10865228,11066356
"Population, total",SP.POP.TOTL,Kazakhstan,KAZ,18084169,18363600,18651931,18932727,19209555,19482117,19743603
"Population, total",SP.POP.TOTL,Kenya,KEN,47088526,48139687,49197766,50207107,51202827,52217334,53219166
"Population, total",SP.POP.TOTL,Kiribati,KIR,116815,118478,120275,122084,123921,126099,128377
"Population, total",SP.POP.TOTL,"Korea, Dem. People's Rep.",PRK,25575350,25698326,25817709,25931147,26037632,26136312,26232534
"Population, total",SP.POP.TOTL,"Korea, Rep.",KOR,51014947,51217803,51361911,51585058,51764822,51836239,51769539
"Population, total",SP.POP.TOTL,Kosovo,XKX,1788274,1777568,1791019,1797086,1788891,1790151,1786079
"Population, total",SP.POP.TOTL,Kuwait,KWT,3834574,4004096,4154812,4323515,4442316,4400267,4360865
"Population, total",SP.POP.TOTL,Kyrgyz Republic,KGZ,6040036,6175338,6306696,6444079,6590211,6726596,6851224
"Population, total",SP.POP.TOTL,Lao PDR,LAO,6801645,6908802,7018147,7128045,7237636,7346533,7453194
"Population, total",SP.POP.TOTL,Latvia,LVA,1977527,1959537,1942248,1927174,1913822,1900449,1884490
"Population, total",SP.POP.TOTL,Lebanon,LBN,6472469,6323060,6160128,5984119,5794594,5702398,5718122
"Population, total",SP.POP.TOTL,Lesotho,LSO,2104611,2130422,2157110,2183603,2209405,2235727,2261542
"Population, total",SP.POP.TOTL,Liberia,LBR,4659431,4755608,4848925,4944726,5043721,5149463,5259323
"Population, total",SP.POP.TOTL,Libya,LBY,6531819,6632126,6738770,6849055,6951033,7045399,7135175
"Population, total",SP.POP.TOTL,Liechtenstein,LIE,37494,37716,37962,38246,38563,38901,39182
"Population, total",SP.POP.TOTL,Lithuania,LTU,2911109,2877325,2842639,2819200,2811089,2810369,2808380
"Population, total",SP.POP.TOTL,Luxembourg,LUX,569604,582014,596336,607950,620001,630419,640064
"Population, total",SP.POP.TOTL,"Macao SAR, China",MAC,642900,652500,648400,658900,672000,685400,682500
"Population, total",SP.POP.TOTL,Madagascar,MDG,25426702,26099952,26788375,27494926,28219554,28953556,29691083
"Population, total",SP.POP.TOTL,Malawi,MWI,17085587,17557739,18039715,18528081,19025752,19533888,20047258
"Population, total",SP.POP.TOTL,Malaysia,MYS,31232798,31789685,32355644,32910967,33440596,33889558,34282399
"Population, total",SP.POP.TOTL,Maldives,MDV,428154,443308,458287,473099,487731,502118,516154
"Population, total",SP.POP.TOTL,Mali,MLI,18593022,19191289,19813011,20442030,21068405,21713836,22388630
"Population, total",SP.POP.TOTL,Malta,MLT,444220,454505,467106,483903,503912,515490,518150
"Population, total",SP.POP.TOTL,Marshall Islands,MHL,48800,47709,46529,45285,44007,42706,41367
"Population, total",SP.POP.TOTL,Mauritania,MRT,3965959,4086657,4210600,4337685,4467708,4600131,4734874
"Population, total",SP.POP.TOTL,Mauritius,MUS,1262879,1263747,1264887,1265577,1265985,1266014,1266334
"Population, total",SP.POP.TOTL,Mexico,MEX,121072306,122251351,123400057,124573711,125762982,126799054,127648148
"Population, total",SP.POP.TOTL,"Micronesia, Fed. Sts.",FSM,108716,109075,109481,109909,110282,110916,111624
"Population, total",SP.POP.TOTL,Moldova,MDA,2835978,2803186,2755189,2707203,2664224,2635130,2595809
"Population, total",SP.POP.TOTL,Monaco,MCO,36757,37276,37678,38154,38109,38050,38527
"Population, total",SP.POP.TOTL,Mongolia,MNG,3026864,3088856,3148917,3208189,3267673,3327204,3383741
"Population, total",SP.POP.TOTL,Montenegro,MNE,624651,625353,625982,626438,626753,626590,625053
"Population, total",SP.POP.TOTL,Morocco,MAR,34607588,35023457,35446392,35839760,36210898,36584208,36954442
"Population, total",SP.POP.TOTL,Mozambique,MOZ,26547572,27337105,28166393,29018644,29884380,30783688,31707800
"Population, total",SP.POP.TOTL,Myanmar,MMR,51089056,51495696,51894938,52272247,52640713,53016522,53387102
"Population, total",SP.POP.TOTL,Namibia,NAM,2374300,2439213,2506853,2577327,2650494,2728762,2810548
"Population, total",SP.POP.TOTL,Nauru,NRU,10954,11150,11324,11477,11587,11643,11709
"Population, total",SP.POP.TOTL,Nepal,NPL,27823629,27955462,28011258,28079689,28414064,28966574,29475010
"Population, total",SP.POP.TOTL,Netherlands,NLD,16939923,17030314,17131296,17231624,17344874,17441500,17533044
"Population, total",SP.POP.TOTL,New Caledonia,NCL,283168,283423,283546,283541,283606,284176,285214
"Population, total",SP.POP.TOTL,New Zealand,NZL,4609400,4714100,4813600,4900600,4979200,5090200,5111300
"Population, total",SP.POP.TOTL,Nicaragua,NIC,6149417,6232666,6316231,6400080,6483657,6565267,6644741
"Population, total",SP.POP.TOTL,Niger,NER,19939498,20685753,21435446,22188069,22947757,23717613,24502140
"Population, total",SP.POP.TOTL,Nigeria,NGA,190671878,195443700,200254579,204938755,209485641,213996181,218529286
"Population, total",SP.POP.TOTL,North Macedonia,MKD,1912430,1906313,1898657,1889051,1876262,1856124,1837114
"Population, total",SP.POP.TOTL,Northern Mariana Islands,MNP,51514,50773,49959,49077,48129,47528,46979
"Population, total",SP.POP.TOTL,Norway,NOR,5188607,5234519,5276968,5311916,5347896,5379475,5408320
"Population, total",SP.POP.TOTL,Oman,OMN,4184895,4390877,4537396,4597877,4591241,4522497,4500424
"Population, total",SP.POP.TOTL,Pakistan,PAK,217290883,220138869,223273967,226928892,230800899,235001746,239477801
"Population, total",SP.POP.TOTL,Palau,PLW,17770,17797,17812,17814,17798,17792,17783
"Population, total",SP.POP.TOTL,Panama,PAN,3960035,4029086,4098707,4167860,4234700,4293261,4345405
"Population, total",SP.POP.TOTL,Papua New Guinea,PNG,8743246,8961718,9178714,9394513,9609010,9815746,10012896
"Population, total",SP.POP.TOTL,Paraguay,PRY,6159103,6249126,6338660,6427382,6515058,6603739,6684182
"Population, total",SP.POP.TOTL,Peru,PER,30457600,30866494,31324637,31897584,32449303,32838579,33155882
"Population, total",SP.POP.TOTL,Philippines,PHL,105312992,106735719,108119693,109465287,110804683,112081264,113100950
"Population, total",SP.POP.TOTL,Poland,POL,37986412,37970087,37974826,37974750,37965475,37515748,36981559
"Population, total",SP.POP.TOTL,Portugal,PRT,10358076,10325452,10300300,10283822,10286263,10297081,10361831
"Population, total",SP.POP.TOTL,Puerto Rico (US),PRI,3535167,3480432,3410837,3290690,3302691,3281590,3262711
"Population, total",SP.POP.TOTL,Qatar,QAT,2344557,2477113,2545820,2580734,2638657,2794148,2504910
"Population, total",SP.POP.TOTL,Romania,ROU,19815616,19702267,19588715,19473970,19371648,19265250,19122059
"Population, total",SP.POP.TOTL,Russian Federation,RUS,144640716,145015460,145293260,145398106,145453291,145245148,144746762
"Population, total",SP.POP.TOTL,Rwanda,RWA,11640022,11919183,12202060,12487996,12776103,13065837,13355260
"Population, total",SP.POP.TOTL,Samoa,WSM,201782,203499,205415,207582,209780,211944,213779
"Population, total",SP.POP.TOTL,San Marino,SMR,32897,33101,33825,34522,34663,34770,34252
"Population, total",SP.POP.TOTL,Sao Tome and Principe,STP,200291,203689,206970,210187,213392,217435,221961
"Population, total",SP.POP.TOTL,Saudi Arabia,SAU,29816382,30954198,30977355,30196281,30063799,31552510,30784383
"Population, total",SP.POP.TOTL,Senegal,SEN,14593331,15034521,15475002,15914498,16352922,16789219,17220867
"Population, total",SP.POP.TOTL,Serbia,SRB,7095383,7058322,7020858,6982604,6945235,6899126,6834326
"Population, total",SP.POP.TOTL,Seychelles,SYC,93419,94677,95843,96762,97625,98462,99258
"Population, total",SP.POP.TOTL,Sierra Leone,SLE,7037655,7205328,7379299,7554563,7731991,7912558,8094602
"Population, total",SP.POP.TOTL,Singapore,SGP,5535002,5607283,5612253,5638676,5703569,5685807,5453566
"Population, total",SP.POP.TOTL,Sint Maarten (Dutch part),SXM,37471,38249,38996,39712,40385,41008,41571
"Population, total",SP.POP.TOTL,Slovak Republic,SVK,5423801,5430798,5439232,5446771,5454147,5458827,5447247
"Population, total",SP.POP.TOTL,Slovenia,SVN,2063531,2065042,2066388,2073894,2088385,2102419,2108079
"Population, total",SP.POP.TOTL,Solomon Islands,SLB,639415,662379,685672,709101,728147,744498,762591
"Population, total",SP.POP.TOTL,"Somalia, Fed. Rep.",SOM,13806963,14348740,14916629,15452487,16030971,16651191,17271431
"Population, total",SP.POP.TOTL,South Africa,ZAF,56723537,57259551,57635162,58613001,59587885,60562381,61502603
"Population, total",SP.POP.TOTL,South Sudan,SSD,11107561,10830102,10259154,10122977,10423384,10698467,10865780
"Population, total",SP.POP.TOTL,Spain,ESP,46422303,46458139,46571232,46782011,47118501,47359424,47443821
"Population, total",SP.POP.TOTL,Sri Lanka,LKA,20970000,21209000,21453000,21670000,21803000,21919000,22156000
"Population, total",SP.POP.TOTL,St. Kitts and Nevis,KNA,47087,47075,47050,47008,46952,46870,46763
"Population, total",SP.POP.TOTL,St. Lucia,LCA,174905,175646,176342,177017,177661,178250,178522
"Population, total",SP.POP.TOTL,St. Martin (French part),MAF,37369,37175,36837,36012,34267,31786,29961
"Population, total",SP.POP.TOTL,St. Vincent and the Grenadines,VCT,106960,106349,105663,104926,104167,103526,102841
"Population, total",SP.POP.TOTL,Sudan,SDN,40024431,41259892,42714306,44230596,45548175,46789231,48066924
"Population, total",SP.POP.TOTL,Suriname,SUR,581627,587757,593713,599513,605768,612317,617896
"Population, total",SP.POP.TOTL,Sweden,SWE,9799186,9923085,10057698,10175214,10278887,10353442,10415811
"Population, total",SP.POP.TOTL,Switzerland,CHE,8282396,8373338,8451840,8514329,8575280,8638167,8704546
"Population, total",SP.POP.TOTL,Syrian Arab Republic,SYR,19424618,19193834,19224668,19577845,20353534,21049429,21628839
"Population, total",SP.POP.TOTL,Tajikistan,TJK,8643840,8865631,9085946,9307333,9529966,9749310,9966908
"Population, total",SP.POP.TOTL,Tanzania,TZA,52020962,53824013,55652890,57437145,59174891,60972798,62830412
"Population, total",SP.POP.TOTL,Thailand,THA,70540795,70859841,71160187,71376079,71522271,71641484,71727332
"Population, total",SP.POP.TOTL,Timor-Leste,TLS,1205131,1228312,1251703,1275959,1300945,1326053,1350139
"Population, total",SP.POP.TOTL,Togo,TGO,7663195,7858289,8057140,8258778,8463068,8669720,8878379
"Population, total",SP.POP.TOTL,Tonga,TON,106095,105524,105356,105567,105669,105704,105490
"Population, total",SP.POP.TOTL,Trinidad and Tobago,TTO,1349667,1353895,1356633,1359193,1363985,1366725,1367558
"Population, total",SP.POP.TOTL,Tunisia,TUN,11402264,11528674,11650498,11765514,11875081,11974057,12048622
"Population, total",SP.POP.TOTL,Turkiye,TUR,78218479,79277962,80312698,81407204,82579440,83384680,84147318
"Population, total",SP.POP.TOTL,Turkmenistan,TKM,6215770,6360041,6507061,6655524,6803944,6949912,7092043
"Population, total",SP.POP.TOTL,Turks and Caicos Islands,TCA,36605,38315,39913,41559,43166,44386,45243
"Population, total",SP.POP.TOTL,Tuvalu,TUV,10963,10930,10869,10751,10581,10399,10194
"Population, total",SP.POP.TOTL,Uganda,UGA,37531446,38799152,40177388,41565831,42999637,44457152,45910930
"Population, total",SP.POP.TOTL,Ukraine,UKR,45784896,45616832,45436041,45208907,44957458,44680014,44298640
"Population, total",SP.POP.TOTL,United Arab Emirates,ARE,8505237,8935095,9223225,9346701,9445785,9401038,9575152
"Population, total",SP.POP.TOTL,United Kingdom,GBR,65088000,65607000,65966000,66289000,66631000,66744000,66984000
"Population, total",SP.POP.TOTL,United States,USA,321815121,324353340,326608609,328529577,330226227,331577720,332099760
"Population, total",SP.POP.TOTL,Uruguay,URY,3368017,3379283,3388438,3394534,3397206,3398968,3396695
"Population, total",SP.POP.TOTL,Uzbekistan,UZB,30749346,31284568,31819178,32373490,32964701,33586372,34243696
"Population, total",SP.POP.TOTL,Vanuatu,VUT,266101,272087,278507,285259,291985,298858,305868
"Population, total",SP.POP.TOTL,"Venezuela, RB",VEN,30573972,30765720,30565323,29807592,28938098,28444077,28237826
"Population, total",SP.POP.TOTL,Viet Nam,VNM,92823254,94000117,95176977,96237319,97173776,98079191,98935098
"Population, total",SP.POP.TOTL,Virgin Islands (U.S.),VIR,107712,107516,107281,107001,106669,106290,105870
"Population, total",SP.POP.TOTL,West Bank and Gaza,PSE,4270092,4367088,4454805,4569087,4685306,4803269,4922749
"Population, total",SP.POP.TOTL,"Yemen, Rep.",YEM,31159379,32109010,33090921,34085182,35111408,36134863,37140230
"Population, total",SP.POP.TOTL,Zambia,ZMB,16399089,16914423,17441320,17973569,18513839,19059395,19603607
"Population, total",SP.POP.TOTL,Zimbabwe,ZWE,14399013,14600294,14812482,15034452,15271368,15526888,15797210
"Population, total",SP.POP.TOTL,Africa Eastern and Southern,AFE,607123269,623369401,640058741,657801085,675950189,694446100,713090928
"Population, total",SP.POP.TOTL,Africa Western and Central,AFW,418127845,429454743,440882906,452195915,463365429,474569351,485920997
"Population, total",SP.POP.TOTL,Arab World,ARB,410190679,419808341,428315886,435998060,444281315,453723239,460646603
"Population, total",SP.POP.TOTL,Caribbean small states,CSS,4314191,4341333,4366140,4407658,4443134,4459302,4479167
"Population, total",SP.POP.TOTL,Central Europe and the Baltics,CEB,102973167,102647939,102337501,102074201,101864274,101215763,100205732
"Population, total",SP.POP.TOTL,Early-demographic dividend,EAR,3190318707,3233033717,3274060446,3314245247,3355014793,3396051187,3432026092
"Population, total",SP.POP.TOTL,East Asia & Pacific,EAS,2300844269,2317076058,2333475520,2347576325,2359771090,2369438682,2375144416
"Population, total",SP.POP.TOTL,East Asia & Pacific (excluding high income),EAP,2056050896,2071486140,2087238522,2100698838,2112289891,2121866294,2128553744
"Population, total",SP.POP.TOTL,East Asia & Pacific (IDA & IBRD countries),TEA,2030504270,2045816761,2061449949,2074796982,2086281644,2095759417,2102350702
"Population, total",SP.POP.TOTL,Euro area,EMU,343180482,344132977,344810179,345864630,346496601,346986142,347207191
"Population, total",SP.POP.TOTL,Europe & Central Asia,ECS,907676898,911765648,915290996,918947897,922218554,923973838,924702975
"Population, total",SP.POP.TOTL,Europe & Central Asia (excluding high income),ECA,240232789,242410814,244533821,246659127,248863066,250660609,252189631
"Population, total",SP.POP.TOTL,Europe & Central Asia (IDA & IBRD countries),TEC,453811483,456099634,458235497,460205526,462219596,463151657,463426293
"Population, total",SP.POP.TOTL,European Union,EUU,443793218,444676652,445321060,446329890,446910453,446870959,446227358
"Population, total",SP.POP.TOTL,Fragile and conflict affected situations,FCS,890869511,910836458,931222867,951851595,973035228,994901090,1016906998
"Population, total",SP.POP.TOTL,Heavily indebted poor countries (HIPC),HPC,735429414,756895035,779389964,802020674,824649053,847743308,870930036
"Population, total",SP.POP.TOTL,High income,HIC,1366013616,1374284415,1380319892,1385103279,1389779202,1393490142,1391839631
"Population, total",SP.POP.TOTL,IBRD only,IBD,4676922961,4721753602,4765998583,4807240463,4845361414,4878606096,4905534420
"Population, total",SP.POP.TOTL,IDA & IBRD total,IBT,6281111240,6360340293,6440236993,6518316997,6594502842,6666779721,6732972939
"Population, total",SP.POP.TOTL,IDA blend,IDB,567234056,578463670,590024074,601951913,614017319,626440308,639196319
"Population, total",SP.POP.TOTL,IDA only,IDX,1036954223,1060123021,1084214336,1109124621,1135124109,1161733317,1188242200
"Population, total",SP.POP.TOTL,IDA total,IDA,1604188279,1638586691,1674238410,1711076534,1749141428,1788173625,1827438519
"Population, total",SP.POP.TOTL,Late-demographic dividend,LTE,2256276122,2271028438,2286095306,2298652685,2309164437,2316461820,2320449542
"Population, total",SP.POP.TOTL,Latin America & Caribbean,LCN,618868462,624737786,630414986,635778081,640962372,645497651,649234493
"Population, total",SP.POP.TOTL,Latin America & Caribbean (excluding high income),LAC,551075145,556440282,561957179,567711159,573311679,578091505,581884231
"Population, total",SP.POP.TOTL,Latin America & the Caribbean (IDA & IBRD countries),TLA,603091701,609017063,614776664,620274430,625467307,630051021,633862610
"Population, total",SP.POP.TOTL,Least developed countries: UN classification,LDC,962508256,985414939,1008993468,1033110314,1058013514,1083636132,1109175268
"Population, total",SP.POP.TOTL,Low & middle income,LMY,5941372154,6017298320,6094196886,6169917356,6243849229,6314223170,6378645843
"Population, total",SP.POP.TOTL,Low income,LIC,488308267,501149314,514890519,529522043,544980983,560643073,576076618
"Population, total",SP.POP.TOTL,Lower middle income,LMC,2765011526,2806590212,2847931114,2888561818,2928617292,2968398856,3006243027
"Population, total",SP.POP.TOTL,"Middle East, North Africa, Afghanistan & Pakistan",MEA,694232973,707023525,718887744,730362334,742714463,756405281,767578451
"Population, total",SP.POP.TOTL,"Middle East, North Africa, Afghanistan & Pakistan (excluding high income)",MNA,635352686,645837915,656767614,668447432,680490997,692532027,704458802
"Population, total",SP.POP.TOTL,"Middle East, North Africa, Afghanistan & Pakistan (IDA & IBRD)",TMN,631082594,641470827,652312809,663878345,675805691,687728758,699536053
"Population, total",SP.POP.TOTL,Middle income,MIC,5453063887,5516149006,5579306367,5640395313,5698868246,5753580097,5802569225
"Population, total",SP.POP.TOTL,North America,NAC,357583083,360527592,363217262,365666028,367908829,369670740,370404272
"Population, total",SP.POP.TOTL,Not classified,INX,..,..,..,..,..,..,..
"Population, total",SP.POP.TOTL,OECD members,OED,1331675197,1340142055,1348127258,1356470975,1364155119,1369327995,1371811773
"Population, total",SP.POP.TOTL,Other small states,OSS,11722398,11851918,11989367,12135267,12281907,12417333,12541889
"Population, total",SP.POP.TOTL,Pacific island small states,PSS,2445989,2477794,2509999,2542009,2568656,2595522,2625493
"Population, total",SP.POP.TOTL,Post-demographic dividend,PST,1097890139,1102966925,1107161559,1111377470,1114907717,1117025276,1116609473
"Population, total",SP.POP.TOTL,Pre-demographic dividend,PRE,870587800,895239872,920568701,946317177,972302503,998624261,1024960313
"Population, total",SP.POP.TOTL,Small states,SST,18482578,18671045,18865506,19084934,19293697,19472157,19646549
"Population, total",SP.POP.TOTL,South Asia,SAS,1537370078,1555111864,1572520427,1589164714,1605412986,1621073417,1634785356
"Population, total",SP.POP.TOTL,South Asia (IDA & IBRD),TSA,1537370078,1555111864,1572520427,1589164714,1605412986,1621073417,1634785356
"Population, total",SP.POP.TOTL,Sub-Saharan Africa,SSF,1025251114,1052824144,1080941647,1109997000,1139315618,1169015451,1199011925
"Population, total",SP.POP.TOTL,Sub-Saharan Africa (excluding high income),SSA,921290560,946011305,971179323,997236086,1023480610,1049999318,1076774079
"Population, total",SP.POP.TOTL,Sub-Saharan Africa (IDA & IBRD countries),TSS,1025251114,1052824144,1080941647,1109997000,1139315618,1169015451,1199011925
"Population, total",SP.POP.TOTL,Upper middle income,UMC,2688052361,2709558794,2731375253,2751833495,2770250954,2785181241,2796326198
"Population, total",SP.POP.TOTL,World,WLD,7441826877,7529066617,7614748582,7697492379,7778303912,7855075060,7920861888
,,,,,,,,,,
,,,,,,,,,,
,,,,,,,,,,
Data from database: World Development Indicators,,,,,,,,,,
Last Updated: 10/07/2025,,,,,,,,,,
